designation,ra,ra_error,dec,dec_error,l,b
"Gaia DR2 3206773701620684288",79.81744667302328,0.4686337414245808,-8.118171743875676,0.4540106964715428,209.72728317470379,-24.157604158822057
"Gaia DR2 3206839702381378688",79.56176403395241,0.1550763359111172,-7.889280284088031,0.143930819087277,209.3794842794196,-24.283669539002688
"Gaia DR2 3206772254215111808",79.80561327520135,0.09980627396523269,-8.193558776975603,0.09558326596302277,209.79580955101017,-24.20133484022416
"Gaia DR2 3206755250441177344",80.03737391138918,0.07406775007211647,-8.289058196885694,0.07075333436216295,210.00033971294835,-24.03737639239308
"Gaia DR2 3206771670099559680",79.69636012230399,0.06979018739540883,-8.194006223547493,0.06500392608377012,209.74401644704812,-24.29861786770719
"Gaia DR2 3206771670099559808",79.6965669980183,0.21982056080151705,-8.192529811272866,0.20837310007632176,209.74266108972188,-24.297783740168505
"Gaia DR2 3206756075074898304",80.01980821789759,0.12536618146366849,-8.273652312627119,0.12117063833367693,209.97682025387027,-24.04621615752361
"Gaia DR2 3206839805460592768",79.50840576487306,0.10931468518480207,-7.894609789615968,0.10141837360623154,209.35906509654606,-24.333424370521445
"Gaia DR2 3206752776538288000",79.97155938798865,0.7066434663093604,-8.390580316805279,0.6583882098036876,210.0689083474359,-24.140472255298423
"Gaia DR2 3206756075074898560",80.01431217668649,0.03411673407940815,-8.269568978734867,0.03399514186370589,209.97018550716302,-24.049305611861143
"Gaia DR2 3206772808267487744",79.85091638912901,0.11338271502936484,-8.154237364647189,0.10783258370788146,209.77876539178723,-24.143756497412962
"Gaia DR2 3206756143794375552",80.0011676775598,0.048958985493106885,-8.260342450440623,0.04855186482663334,209.95484684516552,-24.056931003346648
"Gaia DR2 3206772533389580928",79.86271139329408,0.08845513029524446,-8.166715596262344,0.08309210516251825,209.79667761128533,-24.1387719062157
"Gaia DR2 3206768135343069440",79.95736767767622,0.035404336207780315,-8.249369034094036,0.03269397306750412,209.92317157427863,-24.09103282527351
"Gaia DR2 3206767138908928384",79.82063348049039,0.9661367222221846,-8.265270105109412,0.9059975816257626,209.8735850895836,-24.21954884857241
"Gaia DR2 3206769028694508672",79.834159287876,0.9451830482650262,-8.213586454633589,0.8613957619155544,209.829160615137,-24.1847848105737
"Gaia DR2 3206773598541471360",79.80280732115148,0.12668388103197292,-8.12580007123481,0.12188890405877785,209.7277859641687,-24.173975287503282
"Gaia DR2 3206772430310367104",79.86423076060404,0.064224964835077,-8.183093184499683,0.0604470359142185,209.81351632620485,-24.14463491801034
"Gaia DR2 3206839942899549824",79.52791540950886,0.34283379033998823,-7.875865836135554,0.3388328955816067,209.350005593169,-24.307799291195227
"Gaia DR2 3206772705188274560",79.83286349031866,0.02412439396358265,-8.157471686626288,0.022479179544978876,209.77331899212442,-24.16122394277155
"Gaia DR2 3206769097415746816",79.89577839960151,0.02470989135431894,-8.224569135103408,0.022593482870164806,209.8693891642994,-24.134857942249642
"Gaia DR2 3206768066623595648",79.92972508909635,0.048098822941034756,-8.254304637642749,0.044300784826400236,209.91484432317185,-24.117771476055616
"Gaia DR2 3206767585585496448",79.90918144173959,0.2694679155801602,-8.280786175600081,0.22554126999333046,209.9311073865857,-24.147676510003
"Gaia DR2 3206749581083386368",79.9600106474191,3.442820871996149,-8.439861564485303,4.141283737677898,210.11194626253462,-24.172364131130866
"Gaia DR2 3206769372293654016",79.87196064885266,0.031836658893285304,-8.204625837866274,0.03011835351469403,209.83839484337466,-24.147246533023022
"Gaia DR2 3206773873419379328",79.78037163107501,0.016710555326925922,-8.112984012772406,0.016072143191836516,209.7044427487859,-24.188261469115613
"Gaia DR2 3206773873419379456",79.78054999549059,0.1344571316417315,-8.11672708048761,0.128646388446277,209.70821111401548,-24.189753227512494
"Gaia DR2 3206765657145261312",79.80467481166656,0.3957990092907566,-8.341589182616149,0.32163992075830183,209.94114765801535,-24.26728662632487
"Gaia DR2 3206842657318881152",79.45900342438671,0.33198241515609533,-7.874164117234322,0.28638003470223855,209.315166547952,-24.368255873618917
"Gaia DR2 3206771670099562496",79.69316251161968,0.6144985872541804,-8.188565773842603,0.5626386318124754,209.73712785712866,-24.299062930944306
"Gaia DR2 3206768375861240064",79.9097164047614,0.05282990312796061,-8.226391939089938,0.04946033961058517,209.87783462180525,-24.123273132320424
"Gaia DR2 3206839942899549056",79.53033638648813,0.25276978789149224,-7.87943084642918,0.24587324704424668,209.35467804095978,-24.307226764577095
"Gaia DR2 3206772082416423552",79.82082128197096,0.37110615051039,-8.188364320170892,0.3466222271599074,209.79796399329211,-24.18553265402111
"Gaia DR2 3206772464670107392",79.83889604320316,0.07926049595954812,-8.17841385291839,0.07271736465611303,209.79680831477222,-24.16508814592157
"Gaia DR2 3206753429373363456",79.82125725081328,0.5695298404430824,-8.396378126682617,0.47760511670755706,210.00304596956886,-24.276613912027518
"Gaia DR2 3206842829117573504",79.48964902092821,0.15698542670233043,-7.8718369107618456,0.1404264677319414,209.32762733284142,-24.340005555685703
"Gaia DR2 3206842726038358016",79.45412760902315,0.4257121627605186,-7.8740845464439335,0.36489374374566397,209.31274088203705,-24.372551416531294
"Gaia DR2 3206768307141763584",79.92227948199871,0.11003162140594154,-8.240127802513868,0.1037321968914972,209.89734370442372,-24.11815199327349
"Gaia DR2 3206773422446259968",79.75967124383182,0.25529509126744193,-8.140418283263331,0.2356637947473981,209.7215369332628,-24.218748953586037
"Gaia DR2 3206773495462258560",79.80619666638609,0.1375825753794457,-8.149765341589978,0.1275623308737132,209.75298772171806,-24.18152536961952
"Gaia DR2 3206842897837050624",79.52627019569104,0.26952510223295334,-7.86997204810268,0.2775083204429713,209.34341502137787,-24.306651806572855
"Gaia DR2 3206765382267351552",79.82356685811814,0.11832575599027194,-8.350520180906063,0.09674360035782767,209.95895617454363,-24.254419883683944
"Gaia DR2 3206754391447730560",80.00542701896234,0.31289392205813776,-8.360955003825273,0.2882791092789342,210.05586406398703,-24.097360808513102
"Gaia DR2 3206842829117573632",79.48647264009743,0.296754822593531,-7.870869847201917,0.28096084395965853,209.32514678612148,-24.342398792316548
"Gaia DR2 3206768066623597568",79.91647975103916,0.022698854107066513,-8.254930853212159,0.02109170846456917,209.90914274168574,-24.12981875876812
"Gaia DR2 3206768959975033216",79.84409312037329,0.3760086876064534,-8.223701285973055,0.34716637247054616,209.8438605673907,-24.18040902637857
"Gaia DR2 3206750852393382272",80.12720996279643,0.4358410693882052,-8.365059541736294,0.43043854160337613,210.1178333955622,-23.990911287542666
"Gaia DR2 3206769372293654656",79.86938623413883,0.021254305348360432,-8.208018654481913,0.02004741226519987,209.84050407294646,-24.15102800813654
"Gaia DR2 3206754666325638272",79.97468041423701,0.053474811205082504,-8.337083200695288,0.050383161455678796,210.01773100791155,-24.11420471036989
"Gaia DR2 3206842863477313152",79.50134663711857,0.43476659186555405,-7.8641363577376975,0.4162540238299009,209.3256792672997,-24.326206355652882
"Gaia DR2 3206772219855378944",79.7802519284682,0.1977925466163121,-8.184912061878956,0.19300892124595473,209.77517643988813,-24.22006409131084
"Gaia DR2 3206843035276005632",79.47050067826044,0.22889313729849142,-7.8622927261878255,0.21468530282098716,209.30901677035007,-24.352788025312766
"Gaia DR2 3206772361590894336",79.81118785006394,0.09066838141551717,-8.166487457952423,0.08297356896974602,209.77182967418892,-24.184457568766096
"Gaia DR2 3206826375099429632",79.62381610435251,0.054077385856443144,-7.98072462299448,0.04645825926804697,209.49927106141317,-24.26898201508131
"Gaia DR2 3206772739548016128",79.80740150142186,0.03086707786946037,-8.159778135717408,0.02988573330486444,209.76341696690957,-24.18486643123444
"Gaia DR2 3206839637958436736",79.56849362453727,0.156118716868911,-7.894101398637376,0.14442437658202228,209.38746314574541,-24.279825047395033
"Gaia DR2 3206755559678836480",79.94178488863425,0.10318183266755244,-8.311311022120638,0.09881427132335334,209.9766939769207,-24.13211827802296
"Gaia DR2 3206772052351488768",79.81272717439356,0.6884989290778076,-8.203864542650871,0.6143794573692548,209.80935313182601,-24.199550904458683
"Gaia DR2 3206773392383045632",79.77864132626641,0.10071223233515351,-8.139281730778228,0.08659153569221242,209.7294929845498,-24.201391320078997
"Gaia DR2 3206756281233334400",79.95099200405332,0.0414438640562501,-8.263098492183625,0.04015462097709998,209.93363851421978,-24.102738146994955
"Gaia DR2 3206826649977337088",79.60845344467977,0.042680196558716604,-7.969654085429228,0.03665873950861867,209.4810017649777,-24.27773774717549
"Gaia DR2 3206755181721706496",79.99783738900605,0.1278382169115196,-8.304348780245329,0.12286404769031059,209.9965486967618,-24.079238154604166
"Gaia DR2 3206844379602331008",79.45453918949285,0.03712504433512411,-7.787346171428388,0.03445258429254315,209.2275803335114,-24.333762476206175
"Gaia DR2 3206843005212796032",79.52038739962653,0.03599464188124889,-7.842677470765068,0.03333977492266299,209.31373069851665,-24.299792371938295
"Gaia DR2 3206821977052918272",79.71104194504083,0.07899081788275078,-8.055150919541473,0.07352696668212888,209.61434001294452,-24.22435290624675
"Gaia DR2 3206767963544385024",79.89292367273454,0.07922305753205049,-8.253075215206993,0.07442772058646241,209.89607888556455,-24.14993779820931
"Gaia DR2 3206755971995689856",79.97105021949126,0.0845887019619966,-8.288573827226486,0.08188964336666288,209.9682650382914,-24.0961126628648
"Gaia DR2 3206843000916268800",79.51175543208609,2.2470747847026393,-7.847294976397901,2.109290760502471,209.31411842626318,-24.3095041784069
"Gaia DR2 3206773461102523520",79.76098727682971,0.03804172049728106,-8.129704381693857,0.03609305581742486,209.71162168538703,-24.212857166292842
"Gaia DR2 3206756178154120192",79.95965187643287,0.060901089301935316,-8.278336465202592,0.06038262494487225,209.95275963512913,-24.101742399898267
"Gaia DR2 3206826272020215936",79.6286744626574,0.24377808213115051,-7.997064007796633,0.2316126832286454,209.5176821431301,-24.271884832350167
"Gaia DR2 3206773186224616448",79.78836126445029,0.08142532490009848,-8.152481526184888,0.07705612197982205,209.7471322801684,-24.198571048493093
"Gaia DR2 3206768788178104704",79.8660438537111,0.056568992221455075,-8.220057921162319,0.0522919137099299,209.8507556986401,-24.159297839003266
"Gaia DR2 3206839878476606976",79.54135594446088,0.046045446892713435,-7.887754604538233,0.040021583344970406,209.36816867554916,-24.301122340443925
"Gaia DR2 3206773117505139968",79.78718228262474,0.02829485426435421,-8.156267915920038,0.02739425490094164,209.7502949878544,-24.201287089197468
"Gaia DR2 3206755903276213632",79.98045238501507,0.06664908930248459,-8.301401854011756,0.06271690482604918,209.98536706921777,-24.093394976943404
"Gaia DR2 3206773461102524032",79.75956075540337,0.09601483445712226,-8.134421775710962,0.09037048711906943,209.7155820402516,-24.216204131350523
"Gaia DR2 3206826340739693056",79.61961425022035,0.06513109359880925,-7.991197982012598,0.06197328890761408,209.50756099153142,-24.27734244508817
"Gaia DR2 3206839878476607232",79.54133653122996,0.07378690155582683,-7.889725928653769,0.06452204652565749,209.37009900201255,-24.302011951523028
"Gaia DR2 3206844036004948864",79.4872124136714,1.6838231672888844,-7.826642258666183,1.4830422913547838,209.28198247220303,-24.32215623427757
"Gaia DR2 3206754872484062848",80.01162353361647,0.0172893532336025,-8.333111947770643,0.01657619542823392,210.03141427548587,-24.079623449904524
"Gaia DR2 3206771738819044352",79.72093603789368,0.6085279559218006,-8.180545731501113,0.559492697259895,209.74251419530415,-24.27085032216342
"Gaia DR2 3206755387878378112",79.95815283123977,0.942442711776534,-8.329117567997848,0.9573033452865065,210.00201881853798,-24.125395223343983
"Gaia DR2 3206821942693181440",79.70028159978753,0.5061554689985012,-8.060765359515257,0.5275265010168553,209.6147089449827,-24.23639112561357
"Gaia DR2 3206843241434438144",79.48064041462456,0.2842518069013724,-7.8401991965754725,0.2744479056766054,209.2921566516969,-24.33399823706354
"Gaia DR2 3206844276523117824",79.46035117134288,0.08307628985363279,-7.812011485719774,0.07576323328778997,209.2546483561528,-24.3395316413641
"Gaia DR2 3206843894269467392",79.45850123393393,0.05459597762716078,-7.838440430767187,0.049599090241911094,209.27976393500725,-24.35288298837033
"Gaia DR2 3206772052353251456",79.8223509650809,0.04886389392620033,-8.19545934525971,0.04613065069006972,209.8056779481327,-24.18729764919486
"Gaia DR2 3206773254942333696",79.74633416138414,1.6540365884810833,-8.155235470872606,1.1610788909277043,209.7297421080899,-24.23713010073269
"Gaia DR2 3206844134787636096",79.4314817038767,0.27064543416639175,-7.8350756773388115,0.25763675746042086,209.26343665354472,-24.375390572839187
"Gaia DR2 3206750332701720448",80.06650167678971,0.31832064811508326,-8.403880266091447,0.3251412415548269,210.12716103117256,-24.061915528225374
"Gaia DR2 3206773151864879360",79.7764152741706,0.04943390269666636,-8.154415776735247,0.045621637100149146,209.74332314099385,-24.210038697912967
"Gaia DR2 3206826615617601024",79.59693318379247,0.03114808464550881,-7.979339885299553,0.029511170316936036,209.48500255495992,-24.29225249465624
"Gaia DR2 3206754357086227840",79.98013454469951,0.720078365584632,-8.349589382277406,0.7070355952106377,210.0326373391193,-24.114850542364557
"Gaia DR2 3206756246873598464",79.94286728171409,0.12786749042147472,-8.27530477057478,0.12946853684331902,209.94177498782255,-24.1153271341987
"Gaia DR2 3206768753818369664",79.85686656214547,0.08774767299833575,-8.234574955052176,0.08529783877297975,209.8606620428157,-24.17384274242306
"Gaia DR2 3206842970853060480",79.5070717175126,0.11496002000348704,-7.8592426414014565,0.10327560567394967,209.3236193408418,-24.31895457577369
"Gaia DR2 3206771738819046016",79.71860902698387,0.08777060610603557,-8.178520914858158,0.08125646910235665,209.73940711906994,-24.27202614281583
"Gaia DR2 3206825138148851840",79.62627608699664,0.26160808791684476,-8.012069565173531,0.24772952074676585,209.53129952438323,-24.280643755446704
"Gaia DR2 3206844134787636608",79.43549597872884,0.18621015059149004,-7.830018416703867,0.1696719640284114,209.26039314005644,-24.369584931596997
"Gaia DR2 3206772219855382528",79.7803909439401,0.026987077670929692,-8.181436925152687,0.026002694274896404,209.77182188732326,-24.218409934333167
"Gaia DR2 3206767585587265024",79.90782090170859,0.017579215880776378,-8.280242653466075,0.01585321997001941,209.9299236090887,-24.1486467108745
"Gaia DR2 3206844066068160000",79.46357811486442,0.19523399432053934,-7.827630251756755,0.17818761928084362,209.27157134690557,-24.343585355144757
"Gaia DR2 3206839569238963200",79.53567409758512,0.3150836736277588,-7.902352264105042,0.30752489830960306,209.37980021648636,-24.312628703941915
"Gaia DR2 3206825687904657792",79.67352623412538,0.06374970036674717,-7.973931225647539,0.05902617933357212,209.51644434519744,-24.221817788321584
"Gaia DR2 3206772327231159552",79.79670816494519,0.06850658151425992,-8.17810225391838,0.05918317196529496,209.77633949777717,-24.20244104932882
"Gaia DR2 3206839500519486592",79.55388047640824,0.03764364827749748,-7.920486963364465,0.035430305973804706,209.40639966758104,-24.30447859409964
"Gaia DR2 3206773151864880512",79.77029103363347,0.06805728140172203,-8.156175983551979,0.06573325330263784,209.74212676076516,-24.216256361025334
"Gaia DR2 3206818575437288448",79.67889168519963,28.726466374487057,-8.19117716463105,13.011235537523772,209.732873110869,-24.31289431500431
"Gaia DR2 3206844169147375488",79.44254100542362,0.0891155606910759,-7.819710899155938,0.0797330611216388,209.2536433855826,-24.358761269585543
"Gaia DR2 3206772052353252352",79.81323805764349,0.8837929531863481,-8.190175629983845,0.9282197977617784,209.79612312374246,-24.193069199115147
"Gaia DR2 3206844169147375616",79.43446234738369,0.11503877526607285,-7.819512017093075,0.11437065367850412,209.2495549374301,-24.365848233483177
"Gaia DR2 3206769028696275584",79.84533744144179,0.45889810070050974,-8.217779756217984,0.4217982525341932,209.83862640235466,-24.176696794770535
"Gaia DR2 3206822389369775744",79.7138337898032,0.02295241363818186,-8.02435118188398,0.021533443891654274,209.5853747222838,-24.20827691914438
"Gaia DR2 3206755594038570624",79.96042488802973,0.034498041891994694,-8.297597197433724,0.032585416737083095,209.97208028936552,-24.109523163236393
"Gaia DR2 3206747274687254784",79.83415128796268,0.3114259248108341,-8.427173868025601,0.26397401072336296,210.03954286887233,-24.27867132407391
"Gaia DR2 3206772426013814144",79.85481324633794,0.1184326254579602,-8.178207502170295,0.11120469781214311,209.8042103555108,-24.150852294624475
"Gaia DR2 3206755868916477824",79.93266815238762,0.0771590870314613,-8.277264751245076,0.0723983647557058,209.93884095031046,-24.1252537345585
"Gaia DR2 3206755589741733376",79.94774169396342,0.3452629513028682,-8.30059815533909,0.3124805374716673,209.96898913373798,-24.12211512905095
"Gaia DR2 3206826718696809472",79.63941839429486,0.77590378303645,-7.949847265337955,0.5468980856007862,209.47638144764937,-24.241474705888578
"Gaia DR2 3206767585587264000",79.91261906295716,0.08302715826006547,-8.277778558020884,0.07510785021210142,209.92978648432995,-24.143298710197556
"Gaia DR2 3206844100427899392",79.47850489991752,0.048461536717807514,-7.807754593452189,0.0467166615727969,209.2592062441852,-24.32152204285097
"Gaia DR2 3206839569238962304",79.54146243619596,0.05826060643861873,-7.896589172711277,0.05377981839556475,209.37691277507045,-24.304937101622084
"Gaia DR2 3206771880552801024",79.81185572266585,3.859981160174977,-8.21815102357028,7.8684859160886464,209.8230005445936,-24.206614917564938
"Gaia DR2 3206826787416286464",79.62868865210103,0.38321352344026083,-7.942430309359417,0.34958297751512435,209.46393281014107,-24.247727749274336
"Gaia DR2 3206839775397392768",79.5277368179445,0.07916506198481744,-7.89002400976665,0.07356811635483657,209.36385112231855,-24.314224022546174
"Gaia DR2 3206822389369774592",79.72050477421824,0.08199839391098386,-8.017526291390025,0.07591814541249667,209.58185865119353,-24.199336563131745
"Gaia DR2 3206748756450789376",79.93995242277136,0.029852213426719995,-8.488738061624739,0.026480578227812343,210.15056328403048,-24.211628447597384
"Gaia DR2 3206843967285474816",79.45527762881477,0.21832763860622548,-7.833376933046635,0.206603035908631,209.27322816825534,-24.35350327153629
"Gaia DR2 3206843142651754112",79.46782146921029,0.2176926948763689,-7.846501709346599,0.20054324657488426,209.29218580090495,-24.34817519497477
"Gaia DR2 3206826718696810752",79.63357003656522,0.05082820511463099,-7.955205520278595,0.045508162576651266,209.478844740542,-24.249038757405778
"Gaia DR2 3206825378667014144",79.69399613414319,0.24971640130975323,-8.009057082652705,0.23882322334104972,209.5608178924137,-24.219148472693284
"Gaia DR2 3206838366648122368",79.58716812026333,0.04518232454768488,-7.965150883666448,0.04065001984813215,209.4663486987313,-24.294656624423485
"Gaia DR2 3206825790982321920",79.56475513120473,27.76883693976277,-8.02797392316466,28.912440095046662,209.51743450403825,-24.342323957339474
"Gaia DR2 3206839809757134464",79.511063900364,0.07154072969778796,-7.902391993599464,0.0650156776228602,209.3680030582847,-24.334506846631353
"Gaia DR2 3206822041476101888",79.7499573607574,0.532509380905676,-8.053749353853519,0.47249315541932974,209.63160456749094,-24.189157871541166
"Gaia DR2 3206843932925737728",79.44977971052583,1.667990387484082,-7.839167033783264,1.6152520763139233,209.27627820551118,-24.360951095391187
"Gaia DR2 3206821289858323072",79.75848705663641,0.022392064735125092,-8.058492037415427,0.02108215694914751,209.6403554957974,-24.18367192894689
"Gaia DR2 3206773353726780416",79.75949412874881,0.21113345838540298,-8.144049371566423,0.1986967778169988,209.72502620337278,-24.220506652903698
"Gaia DR2 3206825584825445760",79.66804970803216,5.018536395984626,-8.001433408911247,3.5784895557969585,209.54087333505421,-24.23883320349287
"Gaia DR2 3206826409459166336",79.65049360475564,0.23245708751609473,-7.977274058099094,0.2134701476693514,209.50868009257235,-24.2437571458102
"Gaia DR2 3206821083699895680",79.75027990576672,0.019655669190873498,-8.078286042876869,0.018382527801548768,209.65589871517327,-24.199697268273482
"Gaia DR2 3206821186779110528",79.7605190575348,0.0254410857489269,-8.082641788292495,0.02477774536180341,209.66508681875544,-24.19252080334126
"Gaia DR2 3206818914739842816",79.64173606929472,0.468568306442492,-8.158280434610537,0.4023561233727648,209.68268233744934,-24.331415549396866
"Gaia DR2 3206842764694634240",79.48939688399884,0.017421743419511217,-7.885212406021154,0.0160004614988145,209.34067015043345,-24.346150077347367
"Gaia DR2 3206822355010038528",79.70516096049808,0.03925348416862684,-8.022461574986602,0.03749804895230084,209.57935828801706,-24.21514814594627
"Gaia DR2 3206825859703361920",79.59822553763401,0.032414537569355535,-8.017896257119853,0.028427618203360545,209.52357524003665,-24.308137781881996
"Gaia DR2 3206753253279689088",79.8484891904598,3.8976368922812363,-8.396761603908113,5.578450016745556,210.01639817374215,-24.252577691527566
"Gaia DR2 3206822080132307328",79.73004886428124,0.03001199206997232,-8.045042086164889,0.027936544419224385,209.6135010652514,-24.20300386963915
"Gaia DR2 3206837988691003264",79.57259261002237,0.03118236212539118,-7.97781166900642,0.02807260455853964,209.47181017993285,-24.313200628985705
"Gaia DR2 3206818914739841920",79.64967683471872,0.26016975701002737,-8.159476143402236,0.22836674278476216,209.68766207834287,-24.324886677756936
"Gaia DR2 3206772529093033344",79.87141738412687,0.2558358342754409,-8.173435565314213,0.24864864357167013,209.80744793096264,-24.133995111015988
"Gaia DR2 3206842386737512960",79.48664124157156,0.025271197596628797,-7.88959881573933,0.023559628811784254,209.34366154662797,-24.35053912545479
"Gaia DR2 3206773804699282816",79.79100246999653,2.515163407829249,-8.122278831961552,2.216535120431126,209.71867452235477,-24.182912798519798
"Gaia DR2 3206839363080536320",79.51376938930133,0.04415351780126031,-7.910813188728326,0.0367661953304055,209.37759285176253,-24.335829533077902
"Gaia DR2 3206824931990427392",79.61470387273643,0.05025015174266051,-8.04516844793052,0.04517190115979091,209.5583304293226,-24.305540313207302
"Gaia DR2 3206825756624148352",79.59447120912459,0.32346567518979413,-8.027671317562422,0.31036635054653133,209.5313973071871,-24.315790125109572
"Gaia DR2 3206843486249142016",79.44646920286739,0.14973611169065584,-7.863530980206834,0.1405110058612543,209.29866470872906,-24.37468115151384
"Gaia DR2 3206759369313125760",79.79310934244755,0.546924561206596,-8.377901313079237,0.4673547232896328,209.97141881950637,-24.293518335714626
"Gaia DR2 3206821633455545600",79.66255762813827,0.03443754802976962,-8.091704987131699,0.03187227563031768,209.62708827725456,-24.28355990258555
"Gaia DR2 3206818811660636928",79.69690596100301,0.38528378176730665,-8.1498443160579,0.3698816981542018,209.70078322649323,-24.27867545509132
"Gaia DR2 3206842661615421952",79.46463081570984,0.24071666247531637,-7.882529048702319,0.2378164660420436,209.32610966358862,-24.36696041508414
"Gaia DR2 3206752123703301504",79.88189101154333,1.010248169113901,-8.442222933989246,0.861745414113565,210.07710428142715,-24.242840383128073
"Gaia DR2 3206842661615422720",79.45452742078247,0.5438991136457285,-7.875992470439201,0.46303613311688285,209.3148115242712,-24.373040933522795
"Gaia DR2 3206821216844181760",79.7785309985423,0.4876682027596459,-8.067389856778517,0.45057012550488534,209.65870636493287,-24.169788216717127
"Gaia DR2 3206842386737515648",79.48461754742769,0.0736284601561257,-7.902578109910616,0.06848598471268583,209.35546394359832,-24.358080459948944
"Gaia DR2 3206838263568910336",79.5520183587746,0.2544199074227426,-7.959810054368953,0.26010313787063155,209.4442072751904,-24.3235210902975
"Gaia DR2 3206821221138845440",79.77057961696552,0.07680769950558482,-8.059298465325575,0.07270467886869333,209.64693992861802,-24.173283248642576
"Gaia DR2 3206824725831998976",79.6306046171553,0.016268150772999385,-8.063048911946758,0.015746345145011578,209.58355982847792,-24.299305700484172
"Gaia DR2 3206821564736062592",79.6849505102195,0.21702658568060362,-8.074608536016855,0.20257787637057692,209.620987392574,-24.256121182927245
"Gaia DR2 3206819876813042432",79.64111377838879,0.20439440496472105,-8.1283244630382,0.18871711795834162,209.65287637668524,-24.31876324468212
"Gaia DR2 3206741747064163456",79.96449088008303,0.04351242722270678,-8.541957125497236,0.03906798331095877,210.21467468611806,-24.21313577541859
"Gaia DR2 3206821702175020160",79.65116372566361,0.018221263331739485,-8.074017302232816,0.016828864503689846,209.6042140960777,-24.285879698287378
"Gaia DR2 3206842421097255168",79.46885218209384,0.08775168725811962,-7.897719398240785,0.08408017259535688,209.343095073267,-24.369933961390362
"Gaia DR2 3206818983459331200",79.66631677414654,0.08358991167219511,-8.147178430323496,0.07552911127651844,209.68351521831096,-24.304680958120937
"Gaia DR2 3206818983459330816",79.67816344080993,1.1399644344714084,-8.147466243189182,0.9918017886345416,209.6894700669025,-24.294281334556242
"Gaia DR2 3206821736534754816",79.6746338415782,0.256862521460615,-8.06738015286898,0.2418315848215114,209.60892882737107,-24.26209801316316
"Gaia DR2 3206741747064163584",79.95920584455216,0.5359589260187712,-8.543077142723776,0.45873989070852866,210.21326847662533,-24.218324704663274
"Gaia DR2 3206826168941003520",79.5974969427086,0.022004926268499585,-7.993958262402632,0.02026527967437208,209.49966140734742,-24.298210871567584
"Gaia DR2 3206820740102518144",79.71619934684482,0.39185053675301657,-8.09310507367737,0.34700299566789283,209.6541615207851,-24.236515739699403
"Gaia DR2 3206821564736061440",79.69329387218127,0.11589980186794083,-8.072132222747348,0.10858334403406202,209.62254765210622,-24.24761547151831
"Gaia DR2 3206825894063097216",79.61559628130486,0.6594189087176783,-8.012474285607539,0.5833852101063633,209.52657349190247,-24.29031064915042
"Gaia DR2 3206821839613969024",79.67288915293518,0.02275673072279109,-8.059741586592143,0.02104482837748248,209.60057409063023,-24.26027725544796
"Gaia DR2 3206820740102518656",79.71232574681319,0.024426973216440814,-8.095411645737501,0.02364855851389231,209.65457670430573,-24.2409749161535
"Gaia DR2 3206820671383041792",79.72380125375082,0.04754022555691451,-8.10297970692442,0.04477503408155664,209.66752056224402,-24.23411626539077
"Gaia DR2 3206839122562372352",79.50510737927247,0.3881513337742546,-7.937721536845373,0.3334912891229245,209.39991577661777,-24.35542633913819
"Gaia DR2 3206824828911208832",79.64507339050505,0.054775367320015575,-8.044880474426309,0.05146417859746305,209.57261130736478,-24.27843131746716
"Gaia DR2 3206825035069638784",79.62968216567936,0.07772228416769467,-8.030044381760103,0.07191072204013288,209.5506260230666,-24.28555554227836
"Gaia DR2 3206838126129962112",79.53231484761278,0.018147997897853815,-7.974421246345542,0.016560228137170487,209.4491249786367,-24.347483138320953
"Gaia DR2 3206837851252055040",79.55539318627191,0.017890197457359133,-7.9940980929545615,0.016320863133890452,209.47958374662613,-24.33567688643901
"Gaia DR2 3206820220409906688",79.71073318136038,0.3349553625413764,-8.153466755848072,0.28371214736965544,209.71096753156783,-24.26798535697204
"Gaia DR2 3206825928422836864",79.60181914162129,0.5409781786238835,-8.006869926042457,0.4825088164023691,209.5144453899097,-24.300074971266188
"Gaia DR2 3206820671383040896",79.73563745141004,0.01609369300902521,-8.10426064453384,0.015669604961109817,209.674448046577,-24.224164135733524
"Gaia DR2 3206825859703360256",79.6067248534052,0.029328801843092094,-8.011910014659506,0.027984736818520786,209.5217609830112,-24.297942925787243
"Gaia DR2 3206820671383040512",79.7345827459369,1.4854244346083834,-8.103068143771559,1.2121403697980284,209.67276948757356,-24.224575411046615
"Gaia DR2 3206771365157876224",79.70292969149628,3.047371598444847,-8.214109424157494,4.912932984138187,209.7669617078796,-24.301633169279018
"Gaia DR2 3206820220409906048",79.71810870121597,0.5136299801650656,-8.153796619505341,0.46685912909144234,209.71482160230354,-24.261576957765577
"Gaia DR2 3206825859703360512",79.60858190489473,0.45779455323542395,-8.013641077846845,0.6924880764459727,209.5243561361073,-24.297057673058813
"Gaia DR2 3206837919971530880",79.53733005227727,0.32690060040572916,-7.976708567912769,0.30764378966478384,209.4537864836817,-24.34403885702204
"Gaia DR2 3206838126129961856",79.53008671857273,0.14141857022377888,-7.971270475012813,0.13126379933249036,209.4449522497651,-24.348069825681584
"Gaia DR2 3206753017057155712",79.93674348095074,1.181101472470898,-8.366890051547449,1.3082265808705404,210.02900782391725,-24.161017020552915
"Gaia DR2 3206819881108895360",79.63770900540213,0.026412168234057374,-8.1215176056964,0.024599019854249667,209.644541143494,-24.31878706187025
"Gaia DR2 3206837816892318976",79.54291221355295,0.08363205510023787,-8.000917882188274,0.0772418582750178,209.48030504952604,-24.349777842721956
"Gaia DR2 3206819812389418112",79.64655772573099,0.3086052118027534,-8.12563228762587,0.2877813932749625,209.6528323819937,-24.312739086246342
"Gaia DR2 3206824210435928448",79.56918215125751,0.034319389010252145,-8.052385445225928,0.03113639533262209,209.54359976400085,-24.34916964780078
"Gaia DR2 3206772907050197248",79.84474244116437,0.2540380870134799,-8.126023037619534,0.2353255545671143,209.74805964168755,-24.136809783693135
"Gaia DR2 3206820155986800768",79.62750686983378,0.056005247184187534,-8.10223483410725,0.04936038303667942,209.62066166020273,-24.319347529984718
"Gaia DR2 3206838916403945984",79.50456715525033,0.0321552130972416,-7.960560670718469,0.029146196448367783,209.42214320387583,-24.366005221072257
"Gaia DR2 3206823110924303104",79.60473616900703,0.09299276307245131,-8.09741895805219,0.08891289496423817,209.60500492011954,-24.337454808702347
"Gaia DR2 3206819984188112512",79.6244734247341,0.026764419268562892,-8.122607015315653,0.02490632869001281,209.6392733723889,-24.33102754858154
"Gaia DR2 3206825138149200000",79.6371138821779,4.193093148451706,-8.01946247100033,1.9098303560724996,209.54377531525805,-24.274280168724232
"Gaia DR2 3206821255497539072",79.74896376709725,5.053795649773845,-8.05779812811182,4.157002960025497,209.63511164620053,-24.191827342180392
"Gaia DR2 3206748309772790400",80.02436556382611,0.678614179245603,-8.471556499256865,0.6336171121622385,210.17375734044566,-24.12905693881985
"Gaia DR2 3206752016328937088",80.07684606427054,0.39355999185555657,-8.32121438486206,0.3891009334262502,210.05075731580175,-24.016423102125344
"Gaia DR2 3206821289858502912",79.76081348928038,0.07292036298350937,-8.060420009684082,0.06818735151413116,209.6433662458093,-24.182455560640076
"Gaia DR2 3206821118059638144",79.72325150797809,0.03493697130252812,-8.083481353281355,0.03281724291244023,209.64806752068947,-24.22600464423619
"Gaia DR2 3206821873972829184",79.71537914782812,5.383938952326932,-8.070829952279649,5.56984922284284,209.63184666708455,-24.227417934983286
"Gaia DR2 3206819881108896640",79.64090638616243,0.0180824649168432,-8.130060376196884,0.017383137486743014,209.65448682688626,-24.31971290348081
"Gaia DR2 3206820843181730944",79.7459122603417,0.01703773551857838,-8.102080823062975,0.01625079848168552,209.67722159346374,-24.21407316202082
"Gaia DR2 3206755765836223488",79.94481097827482,1.2281451059178858,-8.302140426405455,1.0780285637279101,209.96911024369072,-24.12539787678294
"Gaia DR2 3206843245728386176",79.48088132255718,0.5405146679749995,-7.840761661159491,0.5179190008102881,209.29282611832505,-24.334033375668575
"Gaia DR2 3206824794550588544",79.6598902309904,10.31108589681998,-8.044931357497807,7.071056182824454,209.57976569638083,-24.265289578322626
"Gaia DR2 3206751127272729472",80.05751520017027,0.05909672369397033,-8.380120185579585,0.059917589294430605,210.09950709469578,-24.059475232208666
"Gaia DR2 3206773800403397248",79.79173421667302,0.3305076232946528,-8.122087895974978,0.31079601721859673,209.718836709451,-24.182178406999608
"Gaia DR2 3206821049340160768",79.73585558760763,0.04283212978844626,-8.091203328507204,0.03935485416277134,209.66170242280262,-24.218211665414547
"Gaia DR2 3206839809757482496",79.5010246005714,0.7574004414326988,-7.898102291532607,0.6839684340332823,209.35895164953732,-24.341526234693653
"Gaia DR2 3206750714955868160",80.09547085466679,0.3997109808882597,-8.386621514751429,0.38582857453378067,210.1239523023186,-24.02858982871008
"Gaia DR2 3206773834763137024",79.77309586355614,1.4052572409222042,-8.120750490389563,1.1202542767430417,209.70860361257172,-24.19815058017
"Gaia DR2 3206820774462253696",79.76443290619217,0.03455153420309969,-8.115747703575632,0.03342886364002844,209.69953531216527,-24.203642698329226
"Gaia DR2 3206824897629802624",79.60651264562689,2.385570881477549,-8.051024622821535,2.275962739560823,209.56016755111213,-24.315403010828486
"Gaia DR2 3206766726593824384",79.73953199255354,0.019293066808149278,-8.292143128005845,0.0166570015609338,209.86133697047492,-24.303444944106143
"Gaia DR2 3206820499584357760",79.6991359814429,0.021038493005230717,-8.134579741360309,0.019620523739694754,209.68682002674728,-24.269965622589698
"Gaia DR2 3206751161632468864",80.03200250168217,0.09720986133256551,-8.379208025110986,0.09374424438320263,210.08647373676982,-24.08175292643289
"Gaia DR2 3206843211371580800",79.50902189223625,0.10303907357173518,-7.8437619344550455,0.0978371165686034,209.3093266376006,-24.310367597957274
"Gaia DR2 3206770059488445056",79.71351177757013,0.026152661216968562,-8.264166406970606,0.024270660907325794,209.8213394368822,-24.314262205263663
"Gaia DR2 3206752329863451264",79.87265132029434,0.06445590768383629,-8.437882979494079,0.05364158802388231,210.06842916621056,-24.249149233691217
"Gaia DR2 3206766726593824512",79.74190609232366,0.3294573292844099,-8.295403441874752,0.27107444316129253,209.86568341720198,-24.302768877209598
"Gaia DR2 3206843177010609664",79.50406761312875,1.5627981940774645,-7.8500658547267435,1.1058040535874396,209.31314402336383,-24.31755959158675
"Gaia DR2 3206820293425928064",79.7013793549881,0.064716119062499,-8.1431231185101,0.05809574072320904,209.6963059677152,-24.271738148960566
"Gaia DR2 3206825997142320896",79.55927402347237,0.3148899435931897,-8.01902109845802,0.28928543246159066,209.50598740842767,-24.343239339420983
"Gaia DR2 3206766382996440448",79.78027915299235,0.09320380237435849,-8.328818892643994,0.0760554300286004,209.91692706071265,-24.283356424724396
"Gaia DR2 3206743190173048704",79.8829290501279,0.02719263727033577,-8.484813097113685,0.02482652438629931,210.11957814749016,-24.260597328362607
"Gaia DR2 3206749031328568576",79.90750254826729,0.08000720637632068,-8.472233363300717,0.06889127305004035,210.1188668928428,-24.23323751830177
"Gaia DR2 3206823488881420800",79.5903750370367,0.03324693199191717,-8.054705400895747,0.030951452117630278,209.55605147912797,-24.331365219578466
"Gaia DR2 3206753429375079936",79.82293331457157,0.04854808941030589,-8.39694233042182,0.041816982496435576,210.00440067934605,-24.275371903303142
"Gaia DR2 3206842936490726528",79.5271185215555,3.3412737783994566,-7.853623564376121,2.8316627439069095,209.32773881092868,-24.298660605079128
"Gaia DR2 3206819052178809984",79.65975178791366,0.44238730675371135,-8.143010166938348,0.3985698041550686,209.6762665950255,-24.308676974285728
"Gaia DR2 3206825722264414464",79.58226388630011,0.25812945830201844,-8.043803464767999,0.23858093422745005,209.54142456733817,-24.333758608605674
"Gaia DR2 3206820121627061248",79.63764963441633,0.04708613517894877,-8.10292978743363,0.04400976670830619,209.6262063889797,-24.310642171324837
"Gaia DR2 3206750852394820352",80.12182967075752,0.020290106374333306,-8.365022896091707,0.019606241934343335,210.11523934745338,-23.995677815167102
"Gaia DR2 3206752398582928768",79.85234393789035,0.07837587060963723,-8.423107363306292,0.06543678571063609,210.04419828698045,-24.26071603051774
"Gaia DR2 3206820190346538112",79.63033007086088,0.07147064751753966,-8.097147671346344,0.06487469893453007,209.61700464207823,-24.314595117611322
"Gaia DR2 3206753429375079552",79.82356228673547,0.04509297845728021,-8.396543198452203,0.03933131921349314,210.00430698907283,-24.27463761301905
"Gaia DR2 3206765455283503488",79.81191524422862,0.03426035945728069,-8.352749900317427,0.03070751404148526,209.9555977132342,-24.26575533929468
"Gaia DR2 3206770884122166400",79.69556782495697,0.056835166745742544,-8.251684811035606,0.05188456345353143,209.80046470571645,-24.324716033851352
"Gaia DR2 3206820254769652096",79.72499606820419,0.1988877296651031,-8.144377707370088,0.18056003589319128,209.70884371292595,-24.25130590043214
"Gaia DR2 3206819017819071360",79.67908436028061,0.2686980213495614,-8.14389194362477,0.24242816737512465,209.68639088041422,-24.29188758167292
"Gaia DR2 3206769853330015488",79.72385047672965,0.09530856996692323,-8.277790023710036,0.08166864283098074,209.83970360399508,-24.311067993843743
"Gaia DR2 3206839534876651136",79.53364676941817,0.8618947379710863,-7.91134087429754,0.8460333036916938,209.3876710809558,-24.318406283688212
"Gaia DR2 3206741643983581952",79.9484666192096,0.9690838424249225,-8.55365933549177,0.8979309822900623,210.21859955337632,-24.23250674391522
"Gaia DR2 3206770643602929920",79.7779586284248,1.2413659608662702,-8.216695212146382,1.1973673661393418,209.80537255234717,-24.236097397074715
"Gaia DR2 3206824519673571712",79.55832572222587,0.17938732334798832,-8.024714030485317,0.16391134865370985,209.51113826423042,-24.346596191450054
"Gaia DR2 3206765455283503104",79.8195173293076,0.6662358923946882,-8.353121385411566,0.5475746571793898,209.9595884195093,-24.259161898421844
"Gaia DR2 3206824244795666048",79.57539641566441,0.6706549674757817,-8.053179344866235,0.694545562519385,209.54736308180983,-24.343999157525317
"Gaia DR2 3206818987755872128",79.67544254408503,0.035730383805456296,-8.144761054842474,0.03250321303345326,209.68550335007518,-24.295506644981298
"Gaia DR2 3206820121627060992",79.64392761585809,0.3573156164961184,-8.107480932387917,0.3342585959517967,209.6336963232856,-24.30707146538867
"Gaia DR2 3206750818035082752",80.11086161029426,0.07445240377952618,-8.37469722731356,0.07042403712631913,210.11953969003144,-24.00967457075298
"Gaia DR2 3206765317844553344",79.79638482445368,0.11188560310995288,-8.36613743769788,0.08967339846948977,209.9613857640772,-24.28543993326484
"Gaia DR2 3206820289129393536",79.7055208967633,0.206705191429075,-8.140756344218413,0.18716752239852377,209.69595783779687,-24.267014884298323
"Gaia DR2 3206838778964978688",79.58736682763666,1.855672509855477,-7.919912737080232,1.5536760182923997,209.42192912713958,-24.27447831221366
"Gaia DR2 3206769750250801408",79.7143049415953,0.4108889076389916,-8.276480876747973,0.32716856369787223,209.833853626903,-24.318975113841056
"Gaia DR2 3206819017819074048",79.68894771747719,0.8763368926379215,-8.140318023558489,0.6749102783957922,209.68759316597672,-24.281548029633292
"Gaia DR2 3206769750250801152",79.71737385753399,0.1022753032651598,-8.278451292040419,0.08782174747237632,209.8372614818085,-24.317114598702982
"Gaia DR2 3206750886754559232",80.1045331217776,0.039023982892648815,-8.365209543828195,0.03739501413767482,210.1071986436708,-24.011134832455483
"Gaia DR2 3206819846749330176",79.6598183028363,0.06916102196768137,-8.12335909856147,0.06463260143702379,209.65694496206095,-24.299954309667008
"Gaia DR2 3206825619182588032",79.68373332425286,0.4827393590750556,-7.992663540657805,0.4562027004612508,209.53976844603687,-24.221025609921142
"Gaia DR2 3206818815957178368",79.69497263511246,0.04235791720428158,-8.140808692193684,0.037692036132641785,209.69096040591853,-24.276410794068493
"Gaia DR2 3206820254769653888",79.73038582118197,0.08987693571258314,-8.143370604721392,0.08166737699789929,209.71043131782633,-24.246072794637524
"Gaia DR2 3206747622579296128",79.80495211298472,0.0661212328175671,-8.394234438058568,0.05516538190457277,209.9931630534479,-24.290165024945054
"Gaia DR2 3206838882041595520",79.585586713433,0.7981139907572716,-7.901080307215038,0.7581320990774676,209.40254620517325,-24.26772911650753
"Gaia DR2 3206765249125078656",79.79868827040018,0.044106170108932925,-8.379716162801413,0.034488363157017275,209.9758671923957,-24.289356847854663
"Gaia DR2 3206839981553227136",79.5431815667679,2.1568672226405043,-7.868817168555992,1.8961460036759439,209.35041501706544,-24.29111912463902
"Gaia DR2 3206821461657027840",79.69596519363732,0.056119518390476235,-8.098733572538674,0.05019330798941375,209.6500111910003,-24.256976935776517
"Gaia DR2 3206842936490722432",79.53886948446103,1.4199397140238252,-7.856407299896812,1.5310915928160869,209.33613200785007,-24.289455523876946
"Gaia DR2 3206749374926077568",79.9671563539465,0.05675677138910697,-8.434719918118311,0.049297805092943174,210.11028066817312,-24.163756624283966
"Gaia DR2 3206773598540426624",79.80888290113397,1.21811163335422,-8.130025454239242,1.284695548051942,209.7348491203144,-24.170438980714124
"Gaia DR2 3206820430864875904",79.72247787701305,0.19980489927824194,-8.11778142421681,0.19035685941808744,209.68145624018553,-24.241819106686993
"Gaia DR2 3206750165200057216",80.06204537379585,0.12440701587716045,-8.427603990869407,0.12616985435422118,210.14839099086382,-24.076285805281312
"Gaia DR2 3206749993401364608",80.08811855027193,0.0481703252958667,-8.434182497152035,0.04601712559267741,210.16725613638795,-24.0559938636246
"Gaia DR2 3206820705742782976",79.704624195376,0.07900392473660568,-8.102862699255834,0.07116289160747559,209.65822269291633,-24.251104244275453
"Gaia DR2 3206751024193517312",80.01519918646177,0.01507190349512808,-8.404991724763864,0.01469098055432633,210.10385903250983,-24.10800674063084
"Gaia DR2 3206820259066187136",79.71980025717431,0.33836368928261235,-8.139957971329887,0.3455078831153343,209.7020059512349,-24.25397474344516
"Gaia DR2 3206772013696711424",79.84051886876337,0.027856800452825733,-8.196868997858308,0.026341378150896357,209.81574486023482,-24.171773121941406
"Gaia DR2 3206753188856908544",79.85398442228083,0.041396423515669516,-8.407720272040065,0.037513821083798485,210.02981502939355,-24.252504199591925
"Gaia DR2 3206753871754799616",79.92670780741197,0.28781409590117535,-8.349499657971515,0.26779716876158194,210.00710476436782,-24.162298889194787
"Gaia DR2 3206753463734814848",79.83136349225248,0.10335534079911236,-8.381816194717944,0.08386532909289508,209.99351058016444,-24.261237022231242
"Gaia DR2 3206750233919534080",80.03924029639595,0.3552353316709725,-8.412619975528665,0.3595019960427426,210.1228010114718,-24.08998381245909
"Gaia DR2 3206771876257758464",79.80938218886635,0.02320659855644539,-8.213476652810305,0.019988470182063945,209.81721723798663,-24.206755345878022
"Gaia DR2 3206844104721829376",79.47627630923141,1.0188748612037153,-7.804194822236328,1.0379300231282969,209.25463055857534,-24.321923996432496
"Gaia DR2 3206822389367184000",79.71320420225685,0.04219510671212612,-8.023819179434046,0.0394084391548043,209.5845495662936,-24.20860140257659
"Gaia DR2 3206820495287835776",79.69105633768163,0.2910486830828404,-8.126777590772507,0.24790467895323434,209.6752698672384,-24.2737052204767
"Gaia DR2 3206749031328566656",79.91405998707573,0.3234723835563812,-8.46686774218914,0.2746607382954261,210.11669794472638,-24.225055521485423
"Gaia DR2 3206748236757654784",80.03441152951656,0.4004376178990735,-8.476524796260286,0.3670495158129096,210.18342323172567,-24.122304644514067
"Gaia DR2 3206772632172268288",79.86832253281578,1.2863100612274536,-8.153171853427914,1.6697067513867379,209.78603551187743,-24.127819204243767
"Gaia DR2 3206752398582927104",79.86401636124714,0.13943308196836995,-8.42733719338045,0.1178431765069419,210.05392494052003,-24.25219713159626
"Gaia DR2 3206753223216647680",79.83519926942643,0.037733721323096346,-8.398370450498843,0.031618110816723596,210.01165234632964,-24.265096577539154
"Gaia DR2 3206767684369646976",79.91330825014266,0.12717117242916573,-8.264610283292681,0.11808167517142952,209.91715533686528,-24.136894985031713
"Gaia DR2 3206753429375077504",79.83133725776383,0.029370285432816445,-8.39077479794137,0.02539227300989168,210.00232658608053,-24.265194247269175
"Gaia DR2 3206767856168338560",79.89860361070333,0.2825345641588379,-8.26553575539531,0.2640451329718117,209.9110522592863,-24.150370839308252
"Gaia DR2 3206752054985542912",79.89490860808596,0.0993206891298534,-8.448549305101826,0.08446356951395566,210.08953402400837,-24.234044581280322
"Gaia DR2 3206752398582926336",79.86783109698925,0.12014010474758245,-8.421515746939132,0.10330494702661547,210.0500041206095,-24.246251598694744
"Gaia DR2 3206818919036401152",79.63768184262909,0.01693701744111748,-8.160157679862802,0.016067611951766005,209.68259058414827,-24.335845305183447
"Gaia DR2 3206822075838284800",79.72313149081873,0.17249300372242526,-8.049227145322938,0.16341658268448364,209.61430410008117,-24.21099703137369
"Gaia DR2 3206773491165728640",79.80454757000172,0.6239628329151715,-8.150781760680053,0.6245933880259855,209.75319941061142,-24.183438658814556
"Gaia DR2 3206767753089122432",79.88606966203804,0.15116938868684027,-8.269013822423544,0.13655583441397903,209.90849658598862,-24.163040133643758
"Gaia DR2 3206756380015728000",79.96829606347087,1.0314787918067643,-8.245903830244213,0.8281751601972053,209.9249741839207,-24.079795772807646
"Gaia DR2 3206818850316923776",79.65308324202282,0.36819383009596657,-8.16737732633844,0.33668773402795266,209.6970763858358,-24.325341793108727
"Gaia DR2 3206826714400184064",79.6384023519288,0.02406613218337503,-7.9596011711809975,0.02234135309092742,209.48548923127257,-24.246688747971053
"Gaia DR2 3206754833827484160",80.03168301839852,0.2920718203878917,-8.330496314247547,0.28458364227267624,210.03839064620527,-24.060644471125066
"Gaia DR2 3206772769611224320",79.8230214182722,0.0835834150605888,-8.150338688622101,0.07827148742644854,209.76159592374532,-24.1668271538746
"Gaia DR2 3206768062326771200",79.9247216796681,0.37330628252850245,-8.253654380967339,0.35451206723849576,209.91181802962933,-24.121932236457134
"Gaia DR2 3206772735251486336",79.81685123992803,0.205464465665649,-8.159276811382487,0.1798424551228735,209.7674411519869,-24.176248247192472
"Gaia DR2 3206751741451023232",80.08895434738176,0.38589276332200445,-8.344501857632826,0.39734111808664657,210.07942185373034,-24.015889693606848
"Gaia DR2 3206767993607293056",79.9440449513426,0.3636266324423806,-8.261753186154412,0.3432352113356173,209.92900232561317,-24.108320782698417
"Gaia DR2 3206754627669047040",79.96409114286722,0.22985862716724503,-8.34136755918977,0.2266211620990092,210.01690487647363,-24.12549900943022
"Gaia DR2 3206844375305703040",79.45367120693913,0.015571658799753463,-7.786731124993921,0.014725275261760009,209.22655689378712,-24.334260731878945
"Gaia DR2 3206768062326770560",79.92966684755731,0.19680004251380276,-8.257948521196433,0.18334069783229254,209.91840198716943,-24.11942605904824
"Gaia DR2 3206839152625472512",79.51354576445638,0.031160576688964825,-7.9241937820301915,0.02687071063591846,209.39065601233685,-24.3419473774692
"Gaia DR2 3206826718695934080",79.63701886828959,2.431615240651208,-7.9497334184018005,3.2075889307665686,209.47511733329245,-24.243556045138806
"Gaia DR2 3206753906114539648",79.90879137295688,0.27458874424005036,-8.346149492759563,0.23170944469648241,209.99527051537078,-24.176751730460758
"Gaia DR2 3206820495287830528",79.69304169854976,0.3241861184711662,-8.13276990727774,0.3331686013155671,209.6821205710242,-24.274582913588723
"Gaia DR2 3206753871754801152",79.9193937855034,0.17743931959907233,-8.346079516783034,0.1610683615009752,210.0002529319726,-24.167297338883845
"Gaia DR2 3206756276936508672",79.96316487670998,0.25184510465870963,-8.264933564310642,0.22902789697667472,209.94124769836895,-24.092726282346693
"Gaia DR2 3206749679866686080",79.96165674357597,0.7833700973862107,-8.414605307266996,0.8010875024688074,210.08785395746247,-24.159819440704812
"Gaia DR2 3206767959247557504",79.89238914683808,0.23008419667618393,-8.247365669465301,0.21314636001887172,209.89020474282535,-24.147901032563862
"Gaia DR2 3206823454521862016",79.56915460975983,0.04939899437851258,-8.069048951265081,0.04511021246198444,209.55999914051017,-24.35654956728496
"Gaia DR2 3206839981553233024",79.53482570586503,0.5513301640998195,-7.868334719491095,0.5644970481804228,209.34592040526354,-24.298327638819572
"Gaia DR2 3206767890528080384",79.89986300980817,0.05661778741789554,-8.248923888186967,0.053273742138235464,209.89530426631327,-24.1419442670129
"Gaia DR2 3206768715161803904",79.8825733619548,0.13015081821672383,-8.236021611500986,0.11700767000196126,209.87435644428265,-24.151633307302596
"Gaia DR2 3206750848097814784",80.12015227862891,0.527817563192199,-8.36935818641785,0.5376610011481203,210.1187055445715,-23.99907214792416
"Gaia DR2 3206756311296248064",79.98377753766576,0.12670903852938697,-8.260499055391683,0.12419288096877251,209.94671179669183,-24.072455948850404
"Gaia DR2 3206842829117571328",79.48257643608797,0.40247634404807076,-7.882244022916464,0.39321920954258854,209.3344662693032,-24.350894409253456
"Gaia DR2 3206768165405990400",79.9686427501412,0.5986381585031038,-8.234351703031301,0.6292785830590406,209.91377677516567,-24.07440546052521
"Gaia DR2 3206746213830025344",79.85215460558338,0.07394596239708226,-8.459351014618733,0.0628378095753411,210.07983412250894,-24.27678642232908
"Gaia DR2 3206768165405989120",79.97038877178564,1.0513145518195017,-8.24138024119957,1.00999849624402,209.9215225982404,-24.075945870010035
"Gaia DR2 3206826684334488960",79.62909214262865,1.3194549601910797,-7.964974036995415,1.186719013811943,209.48630566486202,-24.257334420914535
"Gaia DR2 3206768131046250880",79.95698202312026,0.421619621570688,-8.241269752634675,0.4030916013921841,209.9150202887511,-24.08781260789168
"Gaia DR2 3206767959247558784",79.89168960806632,0.7493518370823852,-8.241692322297817,0.6700245951298,209.88428766056595,-24.146026634869305
"Gaia DR2 3206743220235852800",79.8930966827766,2.3514039250272494,-8.476898717110222,1.9439039779796083,210.11661293886917,-24.248088896558862
"Gaia DR2 3206743018374358912",79.87900583179082,0.03640754868010386,-8.503867447420545,0.033352307003171565,210.13649774964114,-24.272438120026997
"Gaia DR2 3206768165405989632",79.96604044456632,0.1658114751562417,-8.240304164455605,0.1593764631243328,209.91839052403958,-24.07933708359385
"Gaia DR2 3206772838330706688",79.86018878466581,0.33182405904849016,-8.143036797090765,0.31914996634207354,209.7721789816893,-24.130581675701478
"Gaia DR2 3206756380015726208",79.9597700105176,0.23699700050081865,-8.25381769261051,0.2228267656246037,209.92869348310657,-24.090854557026038
"Gaia DR2 3206753012761331328",79.93353297306949,0.18565287097583813,-8.37016918975581,0.16947513871636496,210.0307079087214,-24.16531071102854
"Gaia DR2 3206767959247559168",79.89607460671418,0.5878263115883178,-8.240439805103481,0.5529590621660798,209.88514755055752,-24.14157846134218
"Gaia DR2 3206818884676659456",79.66553251094166,0.33760613693345864,-8.156913916451755,0.3361168996574757,209.69272869901482,-24.309668688778302
"Gaia DR2 3206768234125469056",79.96108847110493,0.35761215351441566,-8.221038484183833,0.35885937614099367,209.89707940069533,-24.075261263418398
"Gaia DR2 3206769161838404864",79.88106648369869,0.14393199206381269,-8.221253413999948,0.13826040384539223,209.85910406065443,-24.14647333124028
"Gaia DR2 3206768371564423040",79.91559962079772,0.3180556715657222,-8.217132014209671,0.27846530464962876,209.87153202985888,-24.11396933324227
"Gaia DR2 3206749615444269568",79.97724110972072,0.7000186611804157,-8.422001181377656,0.7807996451053226,210.10255149161858,-24.14921193065677
"Gaia DR2 3206768474643637760",79.92132689292968,0.21775571050743328,-8.21981207259187,0.20403645252755964,209.87690185002901,-24.110058912796422
"Gaia DR2 3206773151864881152",79.77083893529425,0.05403238133455059,-8.157491376819843,0.05261695880412338,209.74368354647163,-24.216349084786422
"Gaia DR2 3206750641939383680",80.12827087600246,0.20026328395716425,-8.372470010478319,0.19194675683774978,210.125625610419,-23.993221449268596
"Gaia DR2 3206819808093070976",79.64972733871146,0.08166620264581598,-8.123642629110854,0.07727432607810349,209.65239100981591,-24.30904547893888
"Gaia DR2 3206754322728260352",79.96177738557665,0.01961088733685106,-8.366946300869424,0.01865713174029254,210.04098312680026,-24.138790317757888
"Gaia DR2 3206768925617063808",79.82755400310069,0.12277963662903855,-8.226745053553524,0.10462097800219555,209.8389586838433,-24.196446911887218
"Gaia DR2 3206751608309095040",80.06847130146967,0.0420489782598214,-8.348509297889402,0.039550878671203805,210.07361889354505,-24.035856718108864
"Gaia DR2 3206773083145405184",79.7844014352337,0.3711634353457859,-8.175846667001549,0.34374689451004037,209.76823621111882,-24.212383700630685
"Gaia DR2 3206754254008783360",79.98065352926773,0.07540630618268349,-8.383151539000249,0.07037398581095318,210.06592236605488,-24.12912742052889
"Gaia DR2 3206755697117795456",79.90423487329831,0.11329691193714869,-8.317384930667439,0.10013366099580359,209.96477685196933,-24.16816222936631
"Gaia DR2 3206749611147207168",79.97782115907192,0.40674764990873097,-8.422557497288945,0.3985658163995602,210.1033752558249,-24.14894042319083
"Gaia DR2 3206768959976800512",79.84341019194447,0.0832782820586916,-8.226617477468853,0.07738082481478903,209.84640488157942,-24.18229944998709
"Gaia DR2 3206766898392668032",79.81027521172295,0.15281872911831565,-8.301345879016532,0.1426152301870957,209.90417191518273,-24.24462022475317
"Gaia DR2 3206773117505311360",79.79861467969342,0.02787529071169931,-8.163366136825285,0.030848844728966745,209.76274720115143,-24.194255395969428
"Gaia DR2 3206773632901386752",79.82419986766904,0.03129664867694618,-8.136961130211935,0.03009182366133068,209.74899746680217,-24.159884966551562
"Gaia DR2 3206773907779114624",79.80503526049257,0.045418255613149446,-8.10783510680325,0.04171692577190054,209.71117741391907,-24.164075728583335
"Gaia DR2 3206773048785667584",79.76889707508852,0.2227132158323027,-8.16998397044379,0.19754958655457738,209.75505212112358,-24.223578657283998
"Gaia DR2 3206818536782713600",79.63443102006332,0.1355135224945789,-8.165971745455154,0.13186820028357535,209.6867622314803,-24.341296115123573
"Gaia DR2 3206747347700763008",79.8204241860808,8.739859147252632,-8.411200639241041,7.533734726387499,210.0172590937012,-24.2838617110626
"Gaia DR2 3206768509003377792",79.93559274806474,0.19027182361301356,-8.208325885241027,0.18733170571726876,209.87241097734778,-24.092325104638356
"Gaia DR2 3206768856897586048",79.84570720574634,0.024094128843447485,-8.232591674754563,0.022765325399188453,209.8533822066287,-24.18288735170688
"Gaia DR2 3206769402356575744",79.8866115694453,0.4147033734982747,-8.201841011565879,0.3699860580810444,209.84265050359164,-24.13300036980343
"Gaia DR2 3206772155432470912",79.79296837444676,0.5261661011227412,-8.198001849186287,0.5123596510075765,209.79414051714429,-24.214528313011634
"Gaia DR2 3206820426568360832",79.73005476630769,0.29701394848732404,-8.124669549853767,0.2693367184728548,209.69186337530306,-24.238123470826526
"Gaia DR2 3206753017058204544",79.9362143630343,0.025045158190613467,-8.372342590658125,0.02303581450293643,210.03412490530323,-24.163881778004843
"Gaia DR2 3206773323663575040",79.73544815626634,0.044169297713492636,-8.144213814503617,0.04373876800752795,209.7136837292252,-24.24194612487133
"Gaia DR2 3206749787242798848",79.9715243455243,0.1661311492348773,-8.411131476243213,0.154901280742658,210.08912782162705,-24.149523721066213
"Gaia DR2 3206767826105437184",79.86685960667553,0.022710955135026065,-8.269024830642309,0.02130821080482332,209.89934261027756,-24.180117826003123
"Gaia DR2 3206767516867792768",79.87783997278058,0.5227362252637351,-8.286356503036222,0.4909174633182929,209.92164335438923,-24.177981070426096
"Gaia DR2 3206769161838405888",79.8882320395941,0.32132579127413874,-8.214149614036332,0.3039062343334121,209.85553467635822,-24.13697855082886
"Gaia DR2 3206773083144975104",79.78226441516495,4.667705944898122,-8.17748471329082,4.357154922922698,209.7688269936693,-24.215004265172745
"Gaia DR2 3206753837395055744",79.91533297649798,0.139218270982065,-8.363785700151674,0.12865870645310154,210.01575397521705,-24.178684183260728
"Gaia DR2 3206772224151947776",79.78517556879855,0.020366594573560114,-8.191058462946005,0.019382174724323905,209.7835807111731,-24.218395722293824
"Gaia DR2 3206772808267486464",79.85665722220696,0.057917550394770284,-8.151568952728983,0.0565950836865937,209.77888402400757,-24.13747931282148
"Gaia DR2 3206753910411402752",79.89874874714269,1.140034616152875,-8.34397191212154,0.9108476939367368,209.98834106509761,-24.184721116960887
"Gaia DR2 3206743082797108480",79.86850949309913,0.5388196961397791,-8.481716957578387,0.4259894021918124,210.10966637536734,-24.272057485493796
"Gaia DR2 3206772155432471680",79.78795609321178,0.09737205795737529,-8.197977100746503,0.0941698109808727,209.79172076938625,-24.21897159277382
"Gaia DR2 3206821319921561472",79.67248779040662,0.20434377853772906,-8.120662860191281,0.18529718048593585,209.66035756314818,-24.28750814578074
"Gaia DR2 3206822183208768768",79.7090431828166,0.5168213153951966,-8.051360149488847,0.5082640685029659,209.60965218539877,-24.224455806593237
"Gaia DR2 3206768856897587456",79.84044068350308,0.2911464537843773,-8.240322927301287,0.2747632799777139,209.85847831042565,-24.19096995960064
"Gaia DR2 3206752810899774720",79.94592212149132,0.0722248600644898,-8.384176735129419,0.06695627827092432,210.0504001484465,-24.16044918425526
"Gaia DR2 3206769333637100672",79.90804387542683,0.41083537173822204,-8.185418609790277,0.4058884605041765,209.8367285145415,-24.10672308964954
"Gaia DR2 3206821285561525248",79.76016091462643,0.02963578479974303,-8.05232726239472,0.027703722939031915,209.63509296729205,-24.179464314949083
"Gaia DR2 3206767551227529984",79.88919491598884,0.14424153174720925,-8.285081125144782,0.129857939828852,209.92580350737705,-24.16732842709669
"Gaia DR2 3206753910411402624",79.90501240587723,0.1910671129932693,-8.347714747057932,0.17814135800084543,209.99501134616412,-24.180798182308898
"Gaia DR2 3206746140813825792",79.86983154517947,0.09738498595059486,-8.47353922841217,0.08325860984241562,210.10223331327364,-24.267296279393204
"Gaia DR2 3206772808267485952",79.85356544949151,0.032337708793311194,-8.145187339756399,0.030152284378930062,209.77112867274946,-24.13741499823076
"Gaia DR2 3206755456599621760",79.94472080619221,0.08029760560688129,-8.31734510120108,0.076492326841965,209.9840321367888,-24.132160719329068
"Gaia DR2 3206766245557474816",79.86285003125113,0.07121223436381663,-8.284929816036298,0.06452921746191867,209.91308847335725,-24.19067612544813
"Gaia DR2 3206773220584362368",79.74070102396978,0.05859358856058763,-8.166720067904485,0.05442108184234758,209.73835423894786,-24.247196078205274
"Gaia DR2 3206767138910672640",79.83436358618327,0.0400012964987104,-8.26078450473707,0.03669676356174817,209.8757220509051,-24.205373371098062
"Gaia DR2 3206765970679568000",79.88753845613708,0.10480273622264123,-8.30788694197679,0.0905504641706559,209.94746594142634,-24.178827092868776
"Gaia DR2 3206769402356576384",79.88510720463327,0.3842955599486543,-8.196562042310104,0.36241150585780857,209.83673843146897,-24.13201316563201
"Gaia DR2 3206766898392668160",79.8093081261331,0.04962547221264388,-8.30227215199481,0.04476633829240621,209.90462288483758,-24.245886976140238
"Gaia DR2 3206766726593200896",79.73539347990794,5.3515607967340895,-8.296167440117788,6.063322829419219,209.86332658216273,-24.308892703834204
"Gaia DR2 3206769814673638016",79.75030231297664,0.16242521978997013,-8.270811537502661,0.14799319557072727,209.84546194308894,-24.284490496727862
"Gaia DR2 3206843177008907776",79.49572744115122,0.6789591126714307,-7.849202744412944,0.6519415265450937,209.30827991050535,-24.324585226287642
"Gaia DR2 3206769264917623296",79.91957686897246,0.6752488234945172,-8.193479279706569,0.6777810589694386,209.85016336125528,-24.100022875312312
"Gaia DR2 3206754288368518528",79.98865790058991,0.4998440387431512,-8.362895117581182,0.45927197031768485,210.04979175889287,-24.113118279611516
"Gaia DR2 3206773220584363008",79.74329491640852,0.29709224592903755,-8.17070905839805,0.25701255691756625,209.7435223354464,-24.24664856831522
"Gaia DR2 3206768616379420672",79.84174800489045,0.025945433265945502,-8.255011157225866,0.023863412700221288,209.87356254417344,-24.196270817149312
"Gaia DR2 3206822213274461056",79.682977891827,0.01706182219558293,-8.049057594465692,0.0157904285519807,209.59489446526675,-24.24659818010533
"Gaia DR2 3206769333637100416",79.90785731536158,0.3617816910992265,-8.188383987182215,0.35766460220051677,209.83955627776214,-24.108194598135757
"Gaia DR2 3206754563246425088",79.97183150031064,0.028931801068025523,-8.346242695543543,0.02782416003162135,210.02538964679465,-24.120760635644565
"Gaia DR2 3206768891257328256",79.8167942184614,0.19776502698678475,-8.23583287785039,0.18205004448823014,209.84276710082108,-24.210008705508372
"Gaia DR2 3206838401005276672",79.59982073998633,0.5957018631584189,-7.948993883913712,0.6463781404750473,209.45652595584136,-24.276274449295677
"Gaia DR2 3206767787449074560",79.86030032878132,0.2708159393029832,-8.270989288071753,0.24495693964040874,209.898146938317,-24.186811357656904
"Gaia DR2 3206755039985920768",80.046961315517,0.2337213361645036,-8.293679959067953,0.2190577038131127,210.00945112887524,-24.030886368489476
"Gaia DR2 3206767100254306304",79.81406780386374,0.13933561911445025,-8.272089203972477,0.12683859786059012,209.87716629236618,-24.228383479085263
"Gaia DR2 3206769956409386624",79.70769624255591,0.0360700461371054,-8.267841124773245,0.032758025302580075,209.8221819563963,-24.32104715017262
"Gaia DR2 3206820186049899136",79.63258254837909,1.101029200232788,-8.09623654222685,0.8290855682792431,209.61718683587904,-24.312191870344627
"Gaia DR2 3206767104550935552",79.82457309755488,0.12769648625213875,-8.272843591612231,0.11410927335751231,209.88292339987052,-24.219378971959614
"Gaia DR2 3206770712323463552",79.76305679308935,0.31866115610762474,-8.208195653358521,0.2843223586546459,209.7898816439686,-24.245597891383632
"Gaia DR2 3206746145110547584",79.8747012286607,0.06614736358125052,-8.468520595075082,0.05526662781537839,210.0996029812024,-24.260766682476373
"Gaia DR2 3206770643603986560",79.77826509551244,0.4640531243120101,-8.2193735143642,0.43029461307216027,209.80815624901817,-24.237004121804024
"Gaia DR2 3206766005039307904",79.85770753367235,0.097864615174981,-8.30278970399346,0.09034251930393447,209.92822151030919,-24.20309926608795
"Gaia DR2 3206754597606165760",79.95456487778107,0.2913055441892096,-8.350421706958604,0.2793178767619113,210.02128075658794,-24.13794359220912
"Gaia DR2 3206749031328696704",79.91801816408717,0.4041772084701588,-8.47527903062947,0.35365308814453417,210.1268698940762,-24.225225525341177
"Gaia DR2 3206770055191808128",79.72096669400682,0.1460975249754704,-8.26847216421702,0.1275960440850821,209.82914408258142,-24.309531594739678
"Gaia DR2 3206769337933909632",79.91827923927852,0.05604830523634577,-8.190329778339361,0.05488775164560084,209.846446036015,-24.099789418119286
"Gaia DR2 3206767413788580096",79.80137661844117,0.0548527643061978,-8.240467756534402,0.05210988127147617,209.83996774009154,-24.225749935956546
"Gaia DR2 3206820804525200384",79.77078812123362,0.3290165294362829,-8.106515025180066,0.3040831654225113,209.6934915488626,-24.19392481197747
"Gaia DR2 3206754254008782464",79.98177342064945,0.025620577499991647,-8.37652486001048,0.025525422433296936,210.05993161172466,-24.125222566759504
"Gaia DR2 3206767237693262720",79.76747734747764,0.12081186709203866,-8.267706381489264,0.11088237751830267,209.85060532662905,-24.267861030443882
"Gaia DR2 3206754597606166016",79.95305655047649,0.0267105145048703,-8.350217596983143,0.025987438563841208,210.02036149754366,-24.13919459734708
"Gaia DR2 3206752879619257088",79.91301055442447,0.10790241468702863,-8.401179064640429,0.09462060121718219,210.05147741313334,-24.197167156403736
"Gaia DR2 3206769849033378944",79.72961718753506,0.12006811530761854,-8.266483579600305,0.11245532579107324,209.83131724402125,-24.300969137167765
"Gaia DR2 3206820082970694272",79.6284326323117,0.17888644129723322,-8.107349248821757,0.16882432613423917,209.62614229931324,-24.320780841906537
"Gaia DR2 3206747622578291968",79.80552157191624,2.1001396798920102,-8.40342791176291,1.5723125854564115,210.00249673328543,-24.29369537720381
"Gaia DR2 3206767924888035840",79.87695852791242,1.9347442314175924,-8.257702141702833,1.82758888865645,209.8930153628766,-24.166162042490026
"Gaia DR2 3206749374926078208",79.9666293911559,0.0764740864019074,-8.44500019304245,0.06718589864594961,210.1201557588648,-24.168734769482096
"Gaia DR2 3206769883393118336",79.73888987002005,0.35641113332144697,-8.26376765107218,0.31524784470292877,209.83307094344212,-24.291533711351313
"Gaia DR2 3206767104550937344",79.81564834973649,0.04447685177694998,-8.277417041532363,0.04061111395311984,209.8831676861828,-24.229322209588485
"Gaia DR2 3206753669893239936",79.85773366201524,0.0692625596716916,-8.35691237694476,0.06216720748112319,209.9815406800815,-24.226860670612822
"Gaia DR2 3206765936319832320",79.87064894373509,0.031828977916065336,-8.320829268767001,0.02814544179378981,209.9521573948715,-24.199526857484365
"Gaia DR2 3206748172335235584",79.98197157400054,0.04669460186780024,-8.472365302474786,0.04106654862699251,210.1544061625754,-24.16709768606347
"Gaia DR2 3206747897457328768",80.00496843021882,0.08260983899601737,-8.495209482754744,0.06895145434470196,210.18783821382988,-24.156668933932227
"Gaia DR2 3206771433877972096",79.73281324177151,0.01712103317918095,-8.209180457763402,0.016398661380937724,209.77639461781686,-24.272907279561185
"Gaia DR2 3206771777475355904",79.70426935493566,0.0895957204246803,-8.185282467414932,0.08246606737632166,209.7392070085187,-24.287747045345892
"Gaia DR2 3206825275585219456",79.6756601736423,0.7273489416802428,-8.015470226127205,0.6919162819543491,209.55833469538615,-24.238271133529334
"Gaia DR2 3206752570381612032",79.90000910850992,0.09764636236258703,-8.39356348805302,0.08402029438706936,210.03778514656582,-24.205380422547563
"Gaia DR2 3206766279917215872",79.83973347775053,0.05775819223402794,-8.292975909033006,0.051857502984629274,209.90998333721657,-24.214759045679873
"Gaia DR2 3206767310709367168",79.80415216787529,0.07125662800723952,-8.261803022583116,0.06457471933552157,209.86230283162521,-24.232670832748216
"Gaia DR2 3206755216079641344",80.02965486466611,0.7679898175650695,-8.302780970495196,0.7893881830416718,210.0101607202079,-24.050268908734132
"Gaia DR2 3206748893889742208",79.96706672052102,0.12704412733196313,-8.471955350871086,0.1110037872801112,210.14691701481743,-24.1801674523158
"Gaia DR2 3206753601173764224",79.85863782010205,0.05210526471892102,-8.369432635054265,0.04492601446761946,209.99430585943486,-24.231556519136213
"Gaia DR2 3206747618282597248",79.79623627485242,0.40894020484950916,-8.395314306400012,0.3321333395549883,209.99007362665185,-24.298385965464238
"Gaia DR2 3206771330798758016",79.72584732908443,0.6213881279879955,-8.211001293185998,0.529132437518363,209.77485772399748,-24.279899208451425
"Gaia DR2 3206748893889742336",79.96166244086366,0.5868565189400525,-8.467745626557457,0.5071457582614334,210.14020032913515,-24.183125583489844
"Gaia DR2 3206752570381613056",79.89210981321907,0.6967674146356783,-8.396939822160762,0.578064494505959,210.03734968187723,-24.213883989090306
"Gaia DR2 3206753326295857408",79.88329233613433,0.045559064386357706,-8.39188072169591,0.039970709320584795,210.02816646883602,-24.219500321846702
"Gaia DR2 3206838469724756480",79.5905272347245,0.5434829292518467,-7.946851889678028,0.5535721427947304,209.44995415177505,-24.283583336416743
"Gaia DR2 3206766176838003456",79.82757610654127,0.05755233678758504,-8.308570249120281,0.050378012656864826,209.9195421184554,-24.232420188761616
"Gaia DR2 3206765867600358272",79.84629442807169,0.06198572908971325,-8.327030816921399,0.05445356018873179,209.9466527788339,-24.223898273566558
"Gaia DR2 3206766176838003200",79.8279624003849,0.5491232805850756,-8.306978720165423,0.4869854410355836,209.918158792642,-24.231377196678974
"Gaia DR2 3206771330798759680",79.72048327063698,0.04993188268963112,-8.217035406519097,0.04617348343819862,209.77823685399258,-24.287322753095438
"Gaia DR2 3206821354281016064",79.68115696021425,0.08474268792453173,-8.105384097420783,0.07927471825771666,209.64946590708377,-24.273067630769113
"Gaia DR2 3206842867771269120",79.49529234528043,0.9198288730658487,-7.865951220344948,0.8965798793106204,209.3245512662687,-24.332387406167314
"Gaia DR2 3206770952839918208",79.6821778056635,0.31867500508192753,-8.22960376564822,0.2851267871341701,209.7723046998736,-24.326895800543433
"Gaia DR2 3206747618282596352",79.80288721655499,0.4351043740399233,-8.397739057099805,0.3567686750685725,209.99563356640562,-24.29353915339773
"Gaia DR2 3206770300006607872",79.75540080168756,0.06471326184109927,-8.2455562051791,0.05914541324742083,209.82301803813377,-24.268847257506856
"Gaia DR2 3206820323489134848",79.71640654649427,0.05688818267127438,-8.14012638734382,0.05231334499211632,209.70054758914355,-24.257064539165587
"Gaia DR2 3206767443851470720",79.89252755999564,0.2540965768601938,-8.299369557954025,0.22473515349056147,209.9414590834691,-24.17064865976357
"Gaia DR2 3206767375132219648",79.79567569276826,0.07970560451126844,-8.26071805308692,0.07422332913061423,209.85718717505026,-24.239726632230294
"Gaia DR2 3206766589154867072",79.7897015382724,0.39306359095818666,-8.302812736402913,0.35967688116131763,209.89579931416745,-24.263549866386974
"Gaia DR2 3206748756450814464",79.9357680574513,0.759203178278251,-8.481815580070833,0.639219495583189,210.14175205751988,-24.212313188307782
"Gaia DR2 3206755933339119744",79.99631204749407,0.6705774896124761,-8.28685434789296,0.6164896145938068,209.97861103647136,-24.072903977447
"Gaia DR2 3206770471805301376",79.742579589255,0.03628032796746869,-8.245735483736386,0.033560565278518015,209.81706901451318,-24.280320054927994
"Gaia DR2 3206772567747515776",79.87865176413277,0.7113521459989358,-8.165253923304016,0.6947401569583748,209.8028555235057,-24.123962517463514
"Gaia DR2 3206752707820562176",79.92979878750866,0.03578500843802694,-8.392935218699645,0.03294835295283625,210.05134989367187,-24.178625803181117
"Gaia DR2 3206766898392510976",79.8030482652189,0.09638713042783237,-8.300151896570584,0.09362474045773359,209.899547269729,-24.250518154939417
"Gaia DR2 3206753738612713088",79.90380804871141,0.061430480030611724,-8.369107047476477,0.05561932500833185,210.01550509798307,-24.191265005801224
"Gaia DR2 3206765966382717440",79.88069354200294,0.0734281184088139,-8.31242052935971,0.06137992287695858,209.9486662320834,-24.186903515842896
"Gaia DR2 3206752639101085184",79.94243752958266,0.026614094383985373,-8.403178577437467,0.02476775040667062,210.06745448980067,-24.171888081331875
"Gaia DR2 3206770265646872192",79.74976801437019,0.11946674335374481,-8.262918702775801,0.11321157760854218,209.83743080952163,-24.28149291611699
"Gaia DR2 3206749787242799104",79.96809347145216,0.08268094728742648,-8.408293927945126,0.07550044505448607,210.0847011889734,-24.151328092654563
"Gaia DR2 3206754082210096128",79.8780538741063,0.05831333945777126,-8.339429295117984,0.05180804213199137,209.97400497704908,-24.201119050455347
"Gaia DR2 3206770540524778880",79.72264498971384,0.015582834820918996,-8.236499583742926,0.014585854526733803,209.7984443200709,-24.293970316938353
"Gaia DR2 3206820667086244992",79.72683506113546,0.354678412996785,-8.110391560268837,0.32567146581647477,209.6762682011694,-24.234689067247604
"Gaia DR2 3206771571316929792",79.69243807913368,0.07625555690897262,-8.208997111731858,0.06742905674929595,209.75690811942067,-24.30870513877951
